feature,importance
remote_match,0.4781000018119812
cf,0.22120000422000885
cbf,0.051100000739097595
rule,0.05009999871253967
age_gap,0.039799999445676804
project_impact,0.03009999915957451
rural,0.0284000001847744
female,0.023800000548362732
stipend_norm,0.021700000390410423
skill_overlap,0.021700000390410423
domain_match,0.0215000007301569
github_flag,0.012500000186264515
